arm,quantity,outcome,TB,noTB
int,check,att,0.511993974840867,0.0789619020605309
int,check,notx,0.488006025159132,0.921038097939468
int,cost,att,358.262832261338,435.865364787905
int,cost,notx,18.9616207576721,9.22088345632628
soc,check,att,0.48959193571449,0.0697266957821396
soc,check,notx,0.510408064285511,0.930273304217861
soc,cost,att,352.064256823142,433.591864321885
soc,cost,notx,15.9042803143659,8.0183705867954
