arm,quantity,outcome,TB+,TB-,noTB
int,check,att,0.780212190782309,0.779984938056165,0.432859011649797
int,check,notx,0.21978780921769,0.220015061943835,0.567140988350206
int,cost,att,363.659228705079,364.150821085392,403.33744903201
int,cost,notx,100.286178049977,100.178474025741,43.4711122047521
soc,check,att,0.782675777760016,0.782800814332886,0.212206793625322
soc,check,notx,0.217324222239986,0.217199185667109,0.787793206374678
soc,cost,att,353.147732540398,353.47517596207,440.354012259161
soc,cost,notx,76.9888690300594,77.0344288974853,31.8818255518814
