arm,quantity,outcome,TB,noTB
int,check,att,0.674435843353587,0.0188710074277158
int,check,notx,0.325564156646414,0.981128992572283
int,cost,att,393.813295955695,474.53928807219
int,cost,notx,75.9547222970669,2.56900453951169
soc,check,att,0.648886068780694,0.0156564721922583
soc,check,notx,0.351113931219308,0.984343527807737
soc,cost,att,378.279931928276,469.120816909943
soc,cost,notx,61.9334752281625,2.17082002925244
