arm,quantity,outcome,TB+,TB-,noTB
int,check,att,0.802923285648234,0.802923285648234,0.591500581958656
int,check,notx,0.19707671435177,0.19707671435177,0.408499418041339
int,cost,att,205.845036469547,205.845036469547,228.104290910984
int,cost,notx,64.6447033596917,64.6447033596917,39.0213586496518
soc,check,att,0.773013643842856,0.773013643842856,0.228144470832298
soc,check,notx,0.226986356157145,0.226986356157145,0.771855529167708
soc,cost,att,189.692922477849,189.692922477849,250.595629450313
soc,cost,notx,35.4648842548629,35.4648842548629,17.4430888758005
